dataset,model,seed,train_acc,val_acc,test_acc,train_loss,val_loss,test_loss,best_epoch,elapsed_sec,meta_dataset_type,meta_source,meta_split_id,meta_make_undirected,meta_num_nodes,meta_num_edges,meta_edge_homophily,filter_weights
texas,mixhop,0,1.0,0.8813559412956238,0.837837815284729,0.0005360406939871609,0.4267846345901489,0.7660982608795166,121,2.5761055946350098,geom_gcn,texas,0,True,183,279,0.06093189964157706,
texas,harp,0,1.0,0.9322034120559692,0.8918918967247009,0.00029955050558783114,0.3844134211540222,0.6273589134216309,218,8.36920952796936,geom_gcn,texas,0,True,183,279,0.06093189964157706,"{'low': [0.3182179927825928, 0.23578369617462158, 0.2224860042333603, 0.22351229190826416], 'high': [0.4873754680156708, 0.25829771161079407, 0.25432682037353516]}"
texas,harp_no_signal,0,1.0,0.9152542352676392,0.8918918967247009,0.00026041269302368164,0.4222206175327301,0.5853568911552429,102,5.531859636306763,geom_gcn,texas,0,True,183,279,0.06093189964157706,"{'low': [0.30913206934928894, 0.23901835083961487, 0.22528614103794098, 0.22656342387199402], 'high': [0.4690450429916382, 0.26846981048583984, 0.26248520612716675]}"
texas,harp_branch_gate,0,1.0,0.9152542352676392,0.8918918967247009,0.0005143284215591848,0.49742862582206726,0.6640327572822571,150,6.074206590652466,geom_gcn,texas,0,True,183,279,0.06093189964157706,"{'low': [0.30812206864356995, 0.2573460638523102, 0.2150583416223526, 0.21947352588176727], 'high': [0.46876490116119385, 0.27128374576568604, 0.25995132327079773]}"
texas,mixhop,1,1.0,0.9152542352676392,0.8648648858070374,0.00032733005355112255,0.5081378221511841,1.0487501621246338,247,3.6611435413360596,geom_gcn,texas,1,True,183,279,0.06093189964157706,
texas,harp,1,1.0,0.9152542352676392,0.837837815284729,0.00025999240460805595,0.4931517243385315,0.639140784740448,99,4.942704916000366,geom_gcn,texas,1,True,183,279,0.06093189964157706,"{'low': [0.32724231481552124, 0.26916196942329407, 0.19753365218639374, 0.20606203377246857], 'high': [0.5172044038772583, 0.24666590988636017, 0.23612967133522034]}"
texas,harp_no_signal,1,1.0,0.9322034120559692,0.8108108043670654,0.0018116981955245137,0.4955776333808899,0.6251656413078308,168,7.31143593788147,geom_gcn,texas,1,True,183,279,0.06093189964157706,"{'low': [0.3314203917980194, 0.26443004608154297, 0.19879207015037537, 0.20535752177238464], 'high': [0.5441180467605591, 0.23289231956005096, 0.22298966348171234]}"
texas,harp_branch_gate,1,1.0,0.8305084705352783,0.8108108043670654,0.027733581140637398,0.7010451555252075,0.5903617143630981,21,2.3165640830993652,geom_gcn,texas,1,True,183,279,0.06093189964157706,"{'low': [0.28494611382484436, 0.29285913705825806, 0.21119952201843262, 0.21099522709846497], 'high': [0.4257427453994751, 0.28362542390823364, 0.2906317710876465]}"
texas,mixhop,2,1.0,0.9152542352676392,0.837837815284729,0.00034927434171549976,0.33443665504455566,1.6143863201141357,134,2.918290138244629,geom_gcn,texas,2,True,183,279,0.06093189964157706,
texas,harp,2,1.0,0.9322034120559692,0.8108108043670654,0.0002244671486550942,0.4525422751903534,0.9543339610099792,115,6.922954320907593,geom_gcn,texas,2,True,183,279,0.06093189964157706,"{'low': [0.3027121126651764, 0.23597697913646698, 0.23233184218406677, 0.22897909581661224], 'high': [0.5393775105476379, 0.23401854932308197, 0.2266039252281189]}"
texas,harp_no_signal,2,1.0,0.9322034120559692,0.7567567825317383,0.0004104980907868594,0.4992446005344391,1.145431399345398,87,6.0259668827056885,geom_gcn,texas,2,True,183,279,0.06093189964157706,"{'low': [0.2965358793735504, 0.24004606902599335, 0.23382669687271118, 0.22959135472774506], 'high': [0.5194985270500183, 0.24353449046611786, 0.23696695268154144]}"
texas,harp_branch_gate,2,1.0,0.8983050584793091,0.7567567825317383,0.0007691879291087389,0.43100324273109436,0.9019282460212708,52,4.108342885971069,geom_gcn,texas,2,True,183,279,0.06093189964157706,"{'low': [0.33342447876930237, 0.2639477550983429, 0.200288787484169, 0.20233893394470215], 'high': [0.4678940176963806, 0.26457086205482483, 0.26753509044647217]}"
texas,mixhop,3,1.0,0.8813559412956238,0.8648648858070374,0.006227471865713596,0.4846563935279846,0.49958595633506775,15,1.2736177444458008,geom_gcn,texas,3,True,183,279,0.06093189964157706,
texas,harp,3,1.0,0.8983050584793091,0.8918918967247009,0.0030574232805520296,0.3595982491970062,0.3859776556491852,40,4.209073066711426,geom_gcn,texas,3,True,183,279,0.06093189964157706,"{'low': [0.2827458381652832, 0.27956777811050415, 0.218950554728508, 0.21873575448989868], 'high': [0.4819358289241791, 0.25446316599845886, 0.26360100507736206]}"
texas,harp_no_signal,3,1.0,0.9152542352676392,0.837837815284729,0.001417039311490953,0.22811943292617798,0.3885069191455841,49,4.439269304275513,geom_gcn,texas,3,True,183,279,0.06093189964157706,"{'low': [0.28674355149269104, 0.2723245322704315, 0.22049762308597565, 0.2204342633485794], 'high': [0.4967781603336334, 0.24796436727046967, 0.2552575469017029]}"
texas,harp_branch_gate,3,0.9885057210922241,0.8813559412956238,0.837837815284729,0.0823216512799263,0.4662134647369385,0.39950257539749146,18,2.9349780082702637,geom_gcn,texas,3,True,183,279,0.06093189964157706,"{'low': [0.30469751358032227, 0.24229440093040466, 0.2232670783996582, 0.22974097728729248], 'high': [0.40320247411727905, 0.29764366149902344, 0.2991538941860199]}"
texas,mixhop,4,1.0,0.9322034120559692,0.9189189076423645,0.0005054285284131765,0.2147241085767746,0.4785327911376953,152,3.6708452701568604,geom_gcn,texas,4,True,183,279,0.06093189964157706,
texas,harp,4,1.0,0.9491525292396545,0.9189189076423645,0.0009965605568140745,0.1969630867242813,0.32593271136283875,44,4.3518946170806885,geom_gcn,texas,4,True,183,279,0.06093189964157706,"{'low': [0.281917005777359, 0.2842710018157959, 0.220000758767128, 0.21381117403507233], 'high': [0.4690893292427063, 0.2654087245464325, 0.2655019164085388]}"
texas,harp_no_signal,4,1.0,0.9661017060279846,0.837837815284729,0.00023308341042138636,0.2616538107395172,0.38995322585105896,137,8.400566816329956,geom_gcn,texas,4,True,183,279,0.06093189964157706,"{'low': [0.2928892970085144, 0.28188592195510864, 0.21479679644107819, 0.21042796969413757], 'high': [0.5522802472114563, 0.22455208003520966, 0.22316765785217285]}"
texas,harp_branch_gate,4,1.0,0.9661017060279846,0.9189189076423645,0.0007190353353507817,0.23788860440254211,0.28393086791038513,57,4.358599424362183,geom_gcn,texas,4,True,183,279,0.06093189964157706,"{'low': [0.3061738610267639, 0.2777825891971588, 0.2067478597164154, 0.2092956006526947], 'high': [0.45530176162719727, 0.2738491892814636, 0.2708490490913391]}"
texas,mixhop,5,1.0,0.9491525292396545,0.8108108043670654,0.0003601703210733831,0.3337082862854004,0.3947609066963196,159,3.8412110805511475,geom_gcn,texas,5,True,183,279,0.06093189964157706,
texas,harp,5,1.0,0.9491525292396545,0.837837815284729,0.0005725158262066543,0.24397067725658417,0.3281179666519165,84,6.25937819480896,geom_gcn,texas,5,True,183,279,0.06093189964157706,"{'low': [0.29442036151885986, 0.30644920468330383, 0.19972528517246246, 0.19940517842769623], 'high': [0.525847315788269, 0.2441563904285431, 0.2299962341785431]}"
texas,harp_no_signal,5,1.0,0.9322034120559692,0.9459459185600281,0.0006495268899016082,0.3899894654750824,0.2725695073604584,59,4.783479690551758,geom_gcn,texas,5,True,183,279,0.06093189964157706,"{'low': [0.2922671139240265, 0.3062731921672821, 0.20086635649204254, 0.20059333741664886], 'high': [0.5019811987876892, 0.2537931203842163, 0.2442256212234497]}"
texas,harp_branch_gate,5,0.9885057210922241,0.8983050584793091,0.8918918967247009,0.08770107477903366,0.4143737852573395,0.44756168127059937,14,2.4990382194519043,geom_gcn,texas,5,True,183,279,0.06093189964157706,"{'low': [0.27208423614501953, 0.27416735887527466, 0.22862932085990906, 0.22511906921863556], 'high': [0.3961576819419861, 0.3023168742656708, 0.30152544379234314]}"
texas,mixhop,6,1.0,0.8813559412956238,0.9189189076423645,0.0006483048782683909,0.6239122152328491,0.3420984148979187,105,2.963000535964966,geom_gcn,texas,6,True,183,279,0.06093189964157706,
texas,harp,6,1.0,0.8644067645072937,0.9189189076423645,0.01173753198236227,0.523939847946167,0.27531158924102783,23,3.132744073867798,geom_gcn,texas,6,True,183,279,0.06093189964157706,"{'low': [0.28911498188972473, 0.2456975132226944, 0.2325575351715088, 0.2326299399137497], 'high': [0.41334325075149536, 0.2994013726711273, 0.2872554063796997]}"
texas,harp_no_signal,6,1.0,0.8644067645072937,0.9189189076423645,0.009640229865908623,0.5305218696594238,0.27344146370887756,24,3.5607731342315674,geom_gcn,texas,6,True,183,279,0.06093189964157706,"{'low': [0.2902405261993408, 0.2456570863723755, 0.23194904625415802, 0.23215341567993164], 'high': [0.41589224338531494, 0.29809948801994324, 0.2860083281993866]}"
texas,harp_branch_gate,6,1.0,0.8305084705352783,0.8918918967247009,0.0054703750647604465,0.5890952348709106,0.4141741394996643,30,3.211526870727539,geom_gcn,texas,6,True,183,279,0.06093189964157706,"{'low': [0.3307531177997589, 0.24509915709495544, 0.21059004962444305, 0.21355761587619781], 'high': [0.4354010820388794, 0.2827540338039398, 0.2818448841571808]}"
texas,mixhop,7,1.0,0.9322034120559692,0.7837837934494019,8.353948942385614e-05,0.3577175736427307,1.0179976224899292,37,1.7159368991851807,geom_gcn,texas,7,True,183,279,0.06093189964157706,
texas,harp,7,1.0,0.8644067645072937,0.7837837934494019,0.020577343180775642,0.5306443572044373,0.5938776135444641,17,3.0590949058532715,geom_gcn,texas,7,True,183,279,0.06093189964157706,"{'low': [0.2839416265487671, 0.2686919867992401, 0.22431448101997375, 0.22305192053318024], 'high': [0.39164090156555176, 0.30164000391960144, 0.3067191243171692]}"
texas,harp_no_signal,7,1.0,0.8644067645072937,0.7837837934494019,0.01994415745139122,0.5200923085212708,0.5736315846443176,17,2.9365952014923096,geom_gcn,texas,7,True,183,279,0.06093189964157706,"{'low': [0.2836487889289856, 0.2688950300216675, 0.22437505424022675, 0.22308117151260376], 'high': [0.3915635347366333, 0.30174243450164795, 0.30669403076171875]}"
texas,harp_branch_gate,7,0.9425287246704102,0.8983050584793091,0.7567567825317383,0.18922945857048035,0.46794891357421875,0.6379169225692749,9,2.5656144618988037,geom_gcn,texas,7,True,183,279,0.06093189964157706,"{'low': [0.2845652401447296, 0.23858515918254852, 0.2380966991186142, 0.23875296115875244], 'high': [0.3633778393268585, 0.31387194991111755, 0.3227502107620239]}"
texas,mixhop,8,1.0,0.9152542352676392,0.8108108043670654,0.0008169218781404197,0.28002840280532837,1.3986421823501587,59,1.9882657527923584,geom_gcn,texas,8,True,183,279,0.06093189964157706,
texas,harp,8,1.0,0.9322034120559692,0.8648648858070374,0.0005132757360115647,0.28412413597106934,0.4565184414386749,103,6.514178037643433,geom_gcn,texas,8,True,183,279,0.06093189964157706,"{'low': [0.30659472942352295, 0.2523346543312073, 0.22188153862953186, 0.2191891074180603], 'high': [0.49134111404418945, 0.2553026080131531, 0.2533562183380127]}"
texas,harp_no_signal,8,1.0,0.9491525292396545,0.8108108043670654,0.0004268443735782057,0.3173162043094635,0.5199238657951355,128,7.879711866378784,geom_gcn,texas,8,True,183,279,0.06093189964157706,"{'low': [0.30725887417793274, 0.25348228216171265, 0.2213815599679947, 0.21787728369235992], 'high': [0.503194272518158, 0.24824973940849304, 0.248555988073349]}"
texas,harp_branch_gate,8,1.0,0.8813559412956238,0.7837837934494019,0.0019492453429847956,0.4875726103782654,0.7506341934204102,34,3.5033226013183594,geom_gcn,texas,8,True,183,279,0.06093189964157706,"{'low': [0.28014075756073, 0.29467472434043884, 0.21208572387695312, 0.21309883892536163], 'high': [0.4273214340209961, 0.28052106499671936, 0.29215747117996216]}"
texas,mixhop,9,1.0,0.8305084705352783,0.8108108043670654,0.000423963472712785,0.877233624458313,0.7693864703178406,30,1.5261914730072021,geom_gcn,texas,9,True,183,279,0.06093189964157706,
texas,harp,9,1.0,0.8644067645072937,0.8918918967247009,0.0009899829747155309,0.6304507851600647,0.33679676055908203,58,4.639685869216919,geom_gcn,texas,9,True,183,279,0.06093189964157706,"{'low': [0.3207002282142639, 0.2534077763557434, 0.2137894183397293, 0.21210257709026337], 'high': [0.4939671754837036, 0.2590923607349396, 0.2469405084848404]}"
texas,harp_no_signal,9,1.0,0.8644067645072937,0.9189189076423645,0.000915160751901567,0.4787994623184204,0.3598780632019043,46,4.103599786758423,geom_gcn,texas,9,True,183,279,0.06093189964157706,"{'low': [0.321880578994751, 0.2535354197025299, 0.21235540509223938, 0.21222861111164093], 'high': [0.4755305051803589, 0.26760563254356384, 0.25686392188072205]}"
texas,harp_branch_gate,9,1.0,0.8135592937469482,0.9189189076423645,0.004567742347717285,0.6826463341712952,0.32747772336006165,30,3.2035973072052,geom_gcn,texas,9,True,183,279,0.06093189964157706,"{'low': [0.31799644231796265, 0.2267405092716217, 0.22856968641281128, 0.22669342160224915], 'high': [0.42707881331443787, 0.28905534744262695, 0.2838658094406128]}"
wisconsin,mixhop,0,1.0,0.8999999761581421,0.8039215803146362,0.0010005671065300703,0.41595619916915894,1.3263559341430664,66,3.0548250675201416,geom_gcn,wisconsin,0,True,251,450,0.17777777777777778,
wisconsin,harp,0,1.0,0.887499988079071,0.8235294222831726,0.00037714882637374103,0.6157723069190979,1.039914846420288,87,8.270879983901978,geom_gcn,wisconsin,0,True,251,450,0.17777777777777778,"{'low': [0.30036789178848267, 0.22120359539985657, 0.24336174130439758, 0.23506684601306915], 'high': [0.4791017472743988, 0.2635258436203003, 0.2573724687099457]}"
wisconsin,harp_no_signal,0,1.0,0.875,0.8823529481887817,0.00048165430780500174,0.5848833322525024,0.9923230409622192,105,9.117251873016357,geom_gcn,wisconsin,0,True,251,450,0.17777777777777778,"{'low': [0.3026023805141449, 0.21947002410888672, 0.2435285747051239, 0.2343990057706833], 'high': [0.48439911007881165, 0.25907525420188904, 0.2565256357192993]}"
wisconsin,harp_branch_gate,0,0.9916666746139526,0.8125,0.843137264251709,0.0819774717092514,0.8578511476516724,0.7510925531387329,14,3.9940268993377686,geom_gcn,wisconsin,0,True,251,450,0.17777777777777778,"{'low': [0.2870272397994995, 0.23217369616031647, 0.24028019607067108, 0.2405187487602234], 'high': [0.3831440210342407, 0.31194648146629333, 0.30490952730178833]}"
wisconsin,mixhop,1,1.0,0.8374999761581421,0.8627451062202454,0.0004761081363540143,1.0762016773223877,0.6803297400474548,93,3.751533031463623,geom_gcn,wisconsin,1,True,251,450,0.17777777777777778,
wisconsin,harp,1,1.0,0.8500000238418579,0.8627451062202454,0.00042421306716278195,0.9903032183647156,0.695564329624176,68,7.087172031402588,geom_gcn,wisconsin,1,True,251,450,0.17777777777777778,"{'low': [0.3226620554924011, 0.23615334928035736, 0.21841850876808167, 0.22276611626148224], 'high': [0.4694073498249054, 0.2735510468482971, 0.2570415735244751]}"
wisconsin,harp_no_signal,1,1.0,0.8500000238418579,0.8823529481887817,0.00047594960778951645,0.918968677520752,0.7019540667533875,93,8.559642791748047,geom_gcn,wisconsin,1,True,251,450,0.17777777777777778,"{'low': [0.32451778650283813, 0.2339370995759964, 0.21956969797611237, 0.22197547554969788], 'high': [0.4847635328769684, 0.26461026072502136, 0.25062623620033264]}"
wisconsin,harp_branch_gate,1,1.0,0.824999988079071,0.9019607901573181,0.005067400634288788,1.0191813707351685,0.5274137258529663,26,4.387887477874756,geom_gcn,wisconsin,1,True,251,450,0.17777777777777778,"{'low': [0.30539098381996155, 0.22129416465759277, 0.2390892654657364, 0.2342255711555481], 'high': [0.41428661346435547, 0.2937941551208496, 0.29191917181015015]}"
wisconsin,mixhop,2,1.0,0.887499988079071,0.8823529481887817,0.0004335009434726089,0.7636269330978394,0.5815568566322327,109,3.9345452785491943,geom_gcn,wisconsin,2,True,251,450,0.17777777777777778,
wisconsin,harp,2,1.0,0.8999999761581421,0.8627451062202454,0.0010069411946460605,0.47582054138183594,0.3648955523967743,39,5.531233549118042,geom_gcn,wisconsin,2,True,251,450,0.17777777777777778,"{'low': [0.33166244626045227, 0.22362682223320007, 0.2222830355167389, 0.22242766618728638], 'high': [0.45191752910614014, 0.2749035656452179, 0.27317890524864197]}"
wisconsin,harp_no_signal,2,1.0,0.9125000238418579,0.9215686321258545,0.00029834473389200866,0.5316277742385864,0.41178297996520996,73,7.336554050445557,geom_gcn,wisconsin,2,True,251,450,0.17777777777777778,"{'low': [0.3358590006828308, 0.2225654572248459, 0.2210652381181717, 0.2205103039741516], 'high': [0.479427695274353, 0.2642570734024048, 0.2563152611255646]}"
wisconsin,harp_branch_gate,2,1.0,0.862500011920929,0.8823529481887817,0.013671009801328182,0.4966820776462555,0.4289632737636566,21,4.109698057174683,geom_gcn,wisconsin,2,True,251,450,0.17777777777777778,"{'low': [0.29687923192977905, 0.22791491448879242, 0.2387181520462036, 0.23648768663406372], 'high': [0.4073185324668884, 0.2950422763824463, 0.29763925075531006]}"
wisconsin,mixhop,3,0.9833333492279053,0.824999988079071,0.8235294222831726,0.09809660166501999,0.7584285736083984,0.5219433307647705,8,1.5535173416137695,geom_gcn,wisconsin,3,True,251,450,0.17777777777777778,
wisconsin,harp,3,1.0,0.887499988079071,0.9411764740943909,0.00030344314291141927,0.7809531688690186,0.19108439981937408,59,6.568111419677734,geom_gcn,wisconsin,3,True,251,450,0.17777777777777778,"{'low': [0.3036321997642517, 0.2285860776901245, 0.2348731905221939, 0.23290854692459106], 'high': [0.4301983118057251, 0.30032020807266235, 0.26948150992393494]}"
wisconsin,harp_no_signal,3,1.0,0.887499988079071,0.9411764740943909,0.0001920024078572169,0.4355611801147461,0.1655232161283493,248,13.928805589675903,geom_gcn,wisconsin,3,True,251,450,0.17777777777777778,"{'low': [0.3335912227630615, 0.22195374965667725, 0.22633476555347443, 0.218120276927948], 'high': [0.4654170870780945, 0.28916847705841064, 0.2454143762588501]}"
wisconsin,harp_branch_gate,3,0.9666666388511658,0.8999999761581421,0.8235294222831726,0.1177617609500885,0.505693793296814,0.5054334998130798,14,4.005713939666748,geom_gcn,wisconsin,3,True,251,450,0.17777777777777778,"{'low': [0.2991410493850708, 0.23180952668190002, 0.23479372262954712, 0.23425564169883728], 'high': [0.3815639317035675, 0.3092072904109955, 0.309228777885437]}"
wisconsin,mixhop,4,1.0,0.824999988079071,0.8823529481887817,0.00038599048275500536,0.8988965153694153,0.42035841941833496,166,5.439121961593628,geom_gcn,wisconsin,4,True,251,450,0.17777777777777778,
wisconsin,harp,4,1.0,0.8374999761581421,0.8823529481887817,0.00040403258753940463,0.740237832069397,0.4824115037918091,123,10.417401552200317,geom_gcn,wisconsin,4,True,251,450,0.17777777777777778,"{'low': [0.3158864974975586, 0.23614096641540527, 0.22620995342731476, 0.22176261246204376], 'high': [0.4881017804145813, 0.2631389796733856, 0.24875923991203308]}"
wisconsin,harp_no_signal,4,1.0,0.862500011920929,0.8039215803146362,0.0004433099238667637,0.8718310594558716,0.7172426581382751,101,9.342097997665405,geom_gcn,wisconsin,4,True,251,450,0.17777777777777778,"{'low': [0.3151862919330597, 0.23542405664920807, 0.22615855932235718, 0.22323106229305267], 'high': [0.48081597685813904, 0.267880916595459, 0.2513030171394348]}"
wisconsin,harp_branch_gate,4,1.0,0.8374999761581421,0.8627451062202454,0.00047961968812160194,0.8375808596611023,0.6362125277519226,67,6.766937732696533,geom_gcn,wisconsin,4,True,251,450,0.17777777777777778,"{'low': [0.3051597476005554, 0.2212599366903305, 0.237261563539505, 0.23631876707077026], 'high': [0.45534640550613403, 0.27524861693382263, 0.2694050371646881]}"
wisconsin,mixhop,5,0.9583333134651184,0.824999988079071,0.7450980544090271,0.1334325671195984,0.5252450108528137,0.8202717900276184,6,1.6848719120025635,geom_gcn,wisconsin,5,True,251,450,0.17777777777777778,
wisconsin,harp,5,1.0,0.862500011920929,0.843137264251709,0.0004202277341391891,0.5255191326141357,0.6789186596870422,61,7.040154457092285,geom_gcn,wisconsin,5,True,251,450,0.17777777777777778,"{'low': [0.3202964961528778, 0.22273479402065277, 0.2306642234325409, 0.22630451619625092], 'high': [0.44594019651412964, 0.28087666630744934, 0.27318304777145386]}"
wisconsin,harp_no_signal,5,1.0,0.875,0.8823529481887817,0.0005046431324444711,0.47780418395996094,0.6365303993225098,132,11.02414870262146,geom_gcn,wisconsin,5,True,251,450,0.17777777777777778,"{'low': [0.33203694224357605, 0.21566523611545563, 0.23065893352031708, 0.22163884341716766], 'high': [0.4754437506198883, 0.27809038758277893, 0.246465802192688]}"
wisconsin,harp_branch_gate,5,0.9916666746139526,0.8500000238418579,0.7843137383460999,0.054715391248464584,0.47684234380722046,0.7543520927429199,15,3.9208977222442627,geom_gcn,wisconsin,5,True,251,450,0.17777777777777778,"{'low': [0.2966138422489166, 0.2295561581850052, 0.2371385544538498, 0.23669138550758362], 'high': [0.3877928853034973, 0.3067210614681244, 0.3054859936237335]}"
wisconsin,mixhop,6,0.9583333134651184,0.8374999761581421,0.7647058963775635,0.19783243536949158,0.6039994955062866,0.6264428496360779,6,1.5951104164123535,geom_gcn,wisconsin,6,True,251,450,0.17777777777777778,
wisconsin,harp,6,1.0,0.875,0.8823529481887817,0.00036887111491523683,0.695835530757904,0.5824558138847351,64,7.0669333934783936,geom_gcn,wisconsin,6,True,251,450,0.17777777777777778,"{'low': [0.32241466641426086, 0.2231837958097458, 0.22967393696308136, 0.22472767531871796], 'high': [0.459478497505188, 0.26992812752723694, 0.2705933749675751]}"
wisconsin,harp_no_signal,6,1.0,0.875,0.8627451062202454,0.0003417617117520422,0.7772793173789978,0.5277066230773926,81,8.169238328933716,geom_gcn,wisconsin,6,True,251,450,0.17777777777777778,"{'low': [0.32238322496414185, 0.222925066947937, 0.23028065264225006, 0.22441110014915466], 'high': [0.46490252017974854, 0.2668285369873047, 0.26826897263526917]}"
wisconsin,harp_branch_gate,6,0.9833333492279053,0.862500011920929,0.8039215803146362,0.05693330988287926,0.5958623886108398,0.5118957757949829,18,4.210608243942261,geom_gcn,wisconsin,6,True,251,450,0.17777777777777778,"{'low': [0.2911393344402313, 0.24306616187095642, 0.23265902698040009, 0.23313549160957336], 'high': [0.40393349528312683, 0.2938995957374573, 0.3021669089794159]}"
wisconsin,mixhop,7,1.0,0.9125000238418579,0.843137264251709,0.0007662840071134269,0.3239438533782959,0.5984335541725159,106,3.847137689590454,geom_gcn,wisconsin,7,True,251,450,0.17777777777777778,
wisconsin,harp,7,1.0,0.9125000238418579,0.8823529481887817,0.0005138066480867565,0.27892813086509705,0.4911159574985504,93,8.558236598968506,geom_gcn,wisconsin,7,True,251,450,0.17777777777777778,"{'low': [0.2959035336971283, 0.24260222911834717, 0.23054249584674835, 0.23095177114009857], 'high': [0.4202108085155487, 0.31086233258247375, 0.26892679929733276]}"
wisconsin,harp_no_signal,7,1.0,0.9125000238418579,0.843137264251709,0.0006072140531614423,0.34577807784080505,0.48337212204933167,43,5.896955728530884,geom_gcn,wisconsin,7,True,251,450,0.17777777777777778,"{'low': [0.29546666145324707, 0.2416263073682785, 0.23071923851966858, 0.23218782246112823], 'high': [0.4063511788845062, 0.3175860643386841, 0.2760627865791321]}"
wisconsin,harp_branch_gate,7,1.0,0.9125000238418579,0.843137264251709,0.0004618116363417357,0.450718492269516,0.7271490097045898,69,6.542961359024048,geom_gcn,wisconsin,7,True,251,450,0.17777777777777778,"{'low': [0.33233559131622314, 0.22412966191768646, 0.22352546453475952, 0.22000931203365326], 'high': [0.4183960556983948, 0.3049147129058838, 0.2766892910003662]}"
wisconsin,mixhop,8,1.0,0.875,0.843137264251709,0.00063952652271837,0.561102032661438,0.8916157484054565,98,3.7469136714935303,geom_gcn,wisconsin,8,True,251,450,0.17777777777777778,
wisconsin,harp,8,1.0,0.887499988079071,0.8627451062202454,0.00037953542778268456,0.6629816889762878,0.6865107417106628,78,7.745633602142334,geom_gcn,wisconsin,8,True,251,450,0.17777777777777778,"{'low': [0.3208162188529968, 0.21061936020851135, 0.24054832756519318, 0.22801610827445984], 'high': [0.48101991415023804, 0.26180511713027954, 0.2571749985218048]}"
wisconsin,harp_no_signal,8,0.9833333492279053,0.862500011920929,0.8235294222831726,0.09880799800157547,0.5212758779525757,0.5838266611099243,14,4.491205930709839,geom_gcn,wisconsin,8,True,251,450,0.17777777777777778,"{'low': [0.2901912331581116, 0.2282024323940277, 0.24249258637428284, 0.2391137033700943], 'high': [0.3826797604560852, 0.30831342935562134, 0.30900686979293823]}"
wisconsin,harp_branch_gate,8,1.0,0.875,0.843137264251709,0.025565408170223236,0.6219631433486938,0.5074464678764343,19,4.174031019210815,geom_gcn,wisconsin,8,True,251,450,0.17777777777777778,"{'low': [0.31160077452659607, 0.22521987557411194, 0.23489177227020264, 0.22828751802444458], 'high': [0.4168305993080139, 0.2916204035282135, 0.29154902696609497]}"
wisconsin,mixhop,9,1.0,0.875,0.9215686321258545,0.0003323131531942636,0.48909658193588257,0.4576031565666199,132,4.8034467697143555,geom_gcn,wisconsin,9,True,251,450,0.17777777777777778,
wisconsin,harp,9,1.0,0.887499988079071,0.9019607901573181,0.0005202426109462976,0.6667602062225342,0.4451372027397156,47,5.683163404464722,geom_gcn,wisconsin,9,True,251,450,0.17777777777777778,"{'low': [0.32515668869018555, 0.22745101153850555, 0.22012537717819214, 0.22726696729660034], 'high': [0.4633046090602875, 0.27110159397125244, 0.2655937969684601]}"
wisconsin,harp_no_signal,9,1.0,0.862500011920929,0.9019607901573181,0.0021707939449697733,0.5743237733840942,0.4450811743736267,31,5.312016248703003,geom_gcn,wisconsin,9,True,251,450,0.17777777777777778,"{'low': [0.3202662765979767, 0.23004840314388275, 0.22109495103359222, 0.22859032452106476], 'high': [0.43886882066726685, 0.2820252776145935, 0.27910590171813965]}"
wisconsin,harp_branch_gate,9,0.9666666388511658,0.8374999761581421,0.8627451062202454,0.18408918380737305,0.5364080667495728,0.49403253197669983,12,3.6700751781463623,geom_gcn,wisconsin,9,True,251,450,0.17777777777777778,"{'low': [0.285891592502594, 0.23243094980716705, 0.24018879234790802, 0.24148863554000854], 'high': [0.3854951858520508, 0.3074986934661865, 0.3070060908794403]}"
cornell,mixhop,0,1.0,0.8644067645072937,0.7297297120094299,0.0002499503316357732,0.9612157940864563,1.4977754354476929,48,1.9335849285125732,geom_gcn,cornell,0,True,183,277,0.12274368231046931,
cornell,harp,0,1.0,0.8644067645072937,0.7297297120094299,0.0018536874558776617,0.6126000285148621,1.049478530883789,27,3.560427188873291,geom_gcn,cornell,0,True,183,277,0.12274368231046931,"{'low': [0.31775999069213867, 0.2363835871219635, 0.22258473932743073, 0.2232717126607895], 'high': [0.4284387230873108, 0.28756001591682434, 0.28400126099586487]}"
cornell,harp_no_signal,0,1.0,0.8644067645072937,0.7027027010917664,0.0018658617045730352,0.5996015071868896,1.0739272832870483,27,3.640507936477661,geom_gcn,cornell,0,True,183,277,0.12274368231046931,"{'low': [0.317876398563385, 0.23630692064762115, 0.2225930094718933, 0.22322365641593933], 'high': [0.4279589056968689, 0.2877891957759857, 0.2842519283294678]}"
cornell,harp_branch_gate,0,1.0,0.8644067645072937,0.7027027010917664,0.0018604133510962129,0.6080834269523621,0.8879623413085938,33,3.594785451889038,geom_gcn,cornell,0,True,183,277,0.12274368231046931,"{'low': [0.3104209899902344, 0.24438107013702393, 0.21894095838069916, 0.22625689208507538], 'high': [0.44220829010009766, 0.2805554270744324, 0.2772362232208252]}"
cornell,mixhop,1,1.0,0.7966101765632629,0.7837837934494019,0.0005970405181869864,0.9561765193939209,1.128098487854004,94,2.668436050415039,geom_gcn,cornell,1,True,183,277,0.12274368231046931,
cornell,harp,1,1.0,0.7627118825912476,0.7567567825317383,0.009366132318973541,1.2602097988128662,0.9003584384918213,23,3.5857584476470947,geom_gcn,cornell,1,True,183,277,0.12274368231046931,"{'low': [0.3108677268028259, 0.23626478016376495, 0.22343572974205017, 0.2294316589832306], 'high': [0.42932772636413574, 0.2857677638530731, 0.28490447998046875]}"
cornell,harp_no_signal,1,1.0,0.7627118825912476,0.7837837934494019,0.000245920178713277,1.2155042886734009,1.1386537551879883,105,6.792263507843018,geom_gcn,cornell,1,True,183,277,0.12274368231046931,"{'low': [0.3297790288925171, 0.23257587850093842, 0.2163156419992447, 0.22132937610149384], 'high': [0.4919506013393402, 0.25720736384391785, 0.2508420944213867]}"
cornell,harp_branch_gate,1,0.954023003578186,0.7288135886192322,0.6756756901741028,0.2737216353416443,0.8781671524047852,0.9385116100311279,11,2.9214210510253906,geom_gcn,cornell,1,True,183,277,0.12274368231046931,"{'low': [0.2808432877063751, 0.23440636694431305, 0.2430773228406906, 0.2416730523109436], 'high': [0.36962804198265076, 0.3161053955554962, 0.31426650285720825]}"
cornell,mixhop,2,0.9885057210922241,0.694915235042572,0.7837837934494019,0.09809484332799911,1.037776231765747,0.800836980342865,7,1.191601037979126,geom_gcn,cornell,2,True,183,277,0.12274368231046931,
cornell,harp,2,1.0,0.7627118825912476,0.837837815284729,0.00026736233849078417,1.3509186506271362,0.9905086159706116,94,5.90463399887085,geom_gcn,cornell,2,True,183,277,0.12274368231046931,"{'low': [0.3030317425727844, 0.24186617136001587, 0.228084996342659, 0.2270170897245407], 'high': [0.5251785516738892, 0.23478910326957703, 0.24003230035305023]}"
cornell,harp_no_signal,2,1.0,0.7796609997749329,0.837837815284729,0.0002357622579438612,1.2692673206329346,1.0101596117019653,94,6.425621509552002,geom_gcn,cornell,2,True,183,277,0.12274368231046931,"{'low': [0.30214646458625793, 0.24428971111774445, 0.22719228267669678, 0.22637154161930084], 'high': [0.5217390656471252, 0.23633575439453125, 0.2419252097606659]}"
cornell,harp_branch_gate,2,1.0,0.7457627058029175,0.8648648858070374,0.00040383165469393134,1.463397741317749,0.9503377676010132,83,5.3625710010528564,geom_gcn,cornell,2,True,183,277,0.12274368231046931,"{'low': [0.3209194839000702, 0.2379731982946396, 0.22111667692661285, 0.21999062597751617], 'high': [0.47000616788864136, 0.2720457911491394, 0.2579480707645416]}"
cornell,mixhop,3,1.0,0.7457627058029175,0.7297297120094299,0.02543274499475956,1.1056939363479614,1.0286716222763062,11,1.3716068267822266,geom_gcn,cornell,3,True,183,277,0.12274368231046931,
cornell,harp,3,1.0,0.7627118825912476,0.8108108043670654,0.039217524230480194,0.9479327201843262,0.741421103477478,17,3.194737195968628,geom_gcn,cornell,3,True,183,277,0.12274368231046931,"{'low': [0.29161158204078674, 0.2329888641834259, 0.23874445259571075, 0.23665504157543182], 'high': [0.3981252908706665, 0.2961161136627197, 0.30575862526893616]}"
cornell,harp_no_signal,3,1.0,0.7627118825912476,0.7567567825317383,0.000374115799786523,1.281153678894043,1.1790745258331299,78,5.712164878845215,geom_gcn,cornell,3,True,183,277,0.12274368231046931,"{'low': [0.30845585465431213, 0.23179884254932404, 0.23210933804512024, 0.22763597965240479], 'high': [0.4759720265865326, 0.2628892958164215, 0.2611386179924011]}"
cornell,harp_branch_gate,3,1.0,0.7457627058029175,0.7567567825317383,0.00019772008818108588,1.2357821464538574,1.053412675857544,173,8.826663970947266,geom_gcn,cornell,3,True,183,277,0.12274368231046931,"{'low': [0.37185293436050415, 0.20336216688156128, 0.21281133592128754, 0.211973637342453], 'high': [0.4996572732925415, 0.25435060262680054, 0.24599215388298035]}"
cornell,mixhop,4,1.0,0.7796609997749329,0.7567567825317383,6.835207750555128e-05,1.2779854536056519,1.104404330253601,216,4.711393356323242,geom_gcn,cornell,4,True,183,277,0.12274368231046931,
cornell,harp,4,1.0,0.7288135886192322,0.7027027010917664,0.00034026335924863815,1.5326756238937378,1.2341665029525757,164,9.471187829971313,geom_gcn,cornell,4,True,183,277,0.12274368231046931,"{'low': [0.3212857246398926, 0.22023959457874298, 0.2315589338541031, 0.22691570222377777], 'high': [0.5172918438911438, 0.24449405074119568, 0.2382141649723053]}"
cornell,harp_no_signal,4,1.0,0.7288135886192322,0.7837837934494019,0.00027554400730878115,1.4281092882156372,1.1119734048843384,132,8.117063045501709,geom_gcn,cornell,4,True,183,277,0.12274368231046931,"{'low': [0.3077928423881531, 0.22695137560367584, 0.2349114716053009, 0.2303442656993866], 'high': [0.4919232130050659, 0.2597983181476593, 0.24827848374843597]}"
cornell,harp_branch_gate,4,1.0,0.7457627058029175,0.7567567825317383,0.000648571876809001,1.5828063488006592,1.2844390869140625,162,8.326118230819702,geom_gcn,cornell,4,True,183,277,0.12274368231046931,"{'low': [0.3302425444126129, 0.22113513946533203, 0.2275986522436142, 0.22102366387844086], 'high': [0.45822322368621826, 0.27623194456100464, 0.2655448317527771]}"
cornell,mixhop,5,1.0,0.7966101765632629,0.7027027010917664,0.0004032642173115164,0.9519731998443604,1.3033313751220703,127,3.614776849746704,geom_gcn,cornell,5,True,183,277,0.12274368231046931,
cornell,harp,5,1.0,0.8305084705352783,0.7027027010917664,0.0005067668971605599,0.8783861994743347,1.0149030685424805,147,8.496668100357056,geom_gcn,cornell,5,True,183,277,0.12274368231046931,"{'low': [0.3177068829536438, 0.2786690890789032, 0.20186328887939453, 0.20176073908805847], 'high': [0.54135662317276, 0.23386451601982117, 0.22477878630161285]}"
cornell,harp_no_signal,5,1.0,0.8305084705352783,0.7297297120094299,0.0005413970211520791,0.9112722277641296,1.4006258249282837,109,6.764292001724243,geom_gcn,cornell,5,True,183,277,0.12274368231046931,"{'low': [0.3142564296722412, 0.2795788645744324, 0.20296193659305573, 0.20320281386375427], 'high': [0.5287768840789795, 0.2391384392976761, 0.23208466172218323]}"
cornell,harp_branch_gate,5,1.0,0.8305084705352783,0.7567567825317383,0.0003027794882655144,0.9406110644340515,1.3335206508636475,116,6.651236295700073,geom_gcn,cornell,5,True,183,277,0.12274368231046931,"{'low': [0.33079078793525696, 0.23511958122253418, 0.21702168881893158, 0.21706798672676086], 'high': [0.4811789393424988, 0.2669481337070465, 0.2518730163574219]}"
cornell,mixhop,6,1.0,0.7796609997749329,0.7027027010917664,0.0006493988330475986,0.7947389483451843,1.2483621835708618,72,2.475407361984253,geom_gcn,cornell,6,True,183,277,0.12274368231046931,
cornell,harp,6,1.0,0.7796609997749329,0.7567567825317383,0.00039971916703507304,1.1578601598739624,1.2462810277938843,84,5.96924352645874,geom_gcn,cornell,6,True,183,277,0.12274368231046931,"{'low': [0.3269696831703186, 0.2361110895872116, 0.21581119298934937, 0.22110801935195923], 'high': [0.48913589119911194, 0.25806736946105957, 0.25279682874679565]}"
cornell,harp_no_signal,6,1.0,0.7796609997749329,0.7567567825317383,0.0004046806425321847,1.1669416427612305,1.2739427089691162,84,5.7915568351745605,geom_gcn,cornell,6,True,183,277,0.12274368231046931,"{'low': [0.3281312882900238, 0.23470482230186462, 0.2158627212047577, 0.2213011533021927], 'high': [0.48735925555229187, 0.2588108479976654, 0.2538299262523651]}"
cornell,harp_branch_gate,6,1.0,0.7457627058029175,0.8108108043670654,0.008148999884724617,0.916675329208374,0.7910402417182922,29,3.359525203704834,geom_gcn,cornell,6,True,183,277,0.12274368231046931,"{'low': [0.30700060725212097, 0.27665072679519653, 0.2073366343975067, 0.2090120017528534], 'high': [0.43957898020744324, 0.28140318393707275, 0.2790178656578064]}"
cornell,mixhop,7,1.0,0.8474576473236084,0.7837837934494019,0.0017180494032800198,0.6497917771339417,0.9719831347465515,100,2.8839709758758545,geom_gcn,cornell,7,True,183,277,0.12274368231046931,
cornell,harp,7,0.9885057210922241,0.8474576473236084,0.7027027010917664,0.05431602895259857,0.6770418286323547,1.067162036895752,17,3.432806968688965,geom_gcn,cornell,7,True,183,277,0.12274368231046931,"{'low': [0.3094063699245453, 0.2360021471977234, 0.22762377560138702, 0.2269677221775055], 'high': [0.39925098419189453, 0.2964683473110199, 0.30428066849708557]}"
cornell,harp_no_signal,7,0.9885057210922241,0.8474576473236084,0.7027027010917664,0.05400669202208519,0.6812756061553955,1.0399200916290283,17,3.0881829261779785,geom_gcn,cornell,7,True,183,277,0.12274368231046931,"{'low': [0.30882686376571655, 0.236553356051445, 0.2276192009449005, 0.22700051963329315], 'high': [0.39881500601768494, 0.29666244983673096, 0.3045225739479065]}"
cornell,harp_branch_gate,7,1.0,0.8135592937469482,0.6756756901741028,0.10538970679044724,0.7631227970123291,0.9961470365524292,14,2.993861436843872,geom_gcn,cornell,7,True,183,277,0.12274368231046931,"{'low': [0.2717253267765045, 0.24547959864139557, 0.24289852380752563, 0.2398964911699295], 'high': [0.3946668803691864, 0.3027889132499695, 0.3025442659854889]}"
cornell,mixhop,8,1.0,0.8305084705352783,0.7297297120094299,0.0004657084646169096,0.8849942088127136,1.3477694988250732,67,2.279289484024048,geom_gcn,cornell,8,True,183,277,0.12274368231046931,
cornell,harp,8,1.0,0.8305084705352783,0.7297297120094299,0.00045854863128624856,0.7049914598464966,1.2566553354263306,83,6.060144901275635,geom_gcn,cornell,8,True,183,277,0.12274368231046931,"{'low': [0.3381747007369995, 0.23516938090324402, 0.21374671161174774, 0.2129092514514923], 'high': [0.5019122362136841, 0.25390103459358215, 0.2441866248846054]}"
cornell,harp_no_signal,8,1.0,0.8305084705352783,0.7297297120094299,0.000449724291684106,0.6944177150726318,1.2924686670303345,83,6.027648687362671,geom_gcn,cornell,8,True,183,277,0.12274368231046931,"{'low': [0.33859071135520935, 0.23561933636665344, 0.21324700117111206, 0.21254296600818634], 'high': [0.5018919706344604, 0.25403544306755066, 0.24407264590263367]}"
cornell,harp_branch_gate,8,1.0,0.7966101765632629,0.7297297120094299,0.000360575329978019,0.857146143913269,1.0455255508422852,69,5.004154920578003,geom_gcn,cornell,8,True,183,277,0.12274368231046931,"{'low': [0.3179975152015686, 0.24474474787712097, 0.21953871846199036, 0.21771906316280365], 'high': [0.45959198474884033, 0.27359044551849365, 0.266817569732666]}"
cornell,mixhop,9,1.0,0.8135592937469482,0.7567567825317383,0.0006267370190471411,0.7301726937294006,1.1643197536468506,111,3.2320618629455566,geom_gcn,cornell,9,True,183,277,0.12274368231046931,
cornell,harp,9,1.0,0.8135592937469482,0.7567567825317383,0.0005362454685382545,0.7865486145019531,0.9213615655899048,83,6.072179555892944,geom_gcn,cornell,9,True,183,277,0.12274368231046931,"{'low': [0.33725887537002563, 0.21107140183448792, 0.2269672006368637, 0.22470246255397797], 'high': [0.4951825439929962, 0.2571289837360382, 0.2476884424686432]}"
cornell,harp_no_signal,9,1.0,0.8305084705352783,0.7567567825317383,0.0005468180170282722,0.7649859189987183,0.9506290555000305,81,5.981029987335205,geom_gcn,cornell,9,True,183,277,0.12274368231046931,"{'low': [0.3374733030796051, 0.21071428060531616, 0.22698745131492615, 0.22482489049434662], 'high': [0.4941961467266083, 0.25811493396759033, 0.2476889044046402]}"
cornell,harp_branch_gate,9,1.0,0.8135592937469482,0.7567567825317383,0.013595177792012691,0.6795710921287537,0.93190598487854,19,3.214444875717163,geom_gcn,cornell,9,True,183,277,0.12274368231046931,"{'low': [0.2990507185459137, 0.2317001074552536, 0.23518039286136627, 0.23406878113746643], 'high': [0.40516990423202515, 0.29325687885284424, 0.3015731871128082]}"
